Country/Region,Confirmed,Deaths,Recovered,New_Cases,New_Deaths,MA7_New_Cases,Mortality_Rate,Cluster,PC1,PC2,TSNE1,TSNE2
Afghanistan,209451,7896,82586,3243.0,159.0,2095.5714285714284,0.0466134744971677,0,-0.6586853624410796,-0.14746022264831565,-7.6938543,-1.3352267
Albania,334457,3598,130314,4789.0,21.0,2290.714285714286,0.0833333333333333,0,-0.6621475596256254,-0.0620356192111518,-6.2774334,-7.035649
Algeria,271496,6881,118409,2521.0,49.0,2177.5714285714284,0.1578416540595058,0,-0.6589503153566078,0.07764532254538958,-3.3305027,-14.934726
Andorra,47890,165,14380,2313.0,7.0,734.2857142857143,0.0670170827858081,0,-0.721429384084255,-0.09124449207688637,-10.171676,-8.422591
Angola,105288,1933,39582,5035.0,30.0,1716.0,0.2857142857142857,0,-0.6926333708385402,0.33048340979796187,0.26171815,-18.575556
Antarctica,11,0,0,11.0,0.0,1.5714285714285714,0.0,0,-0.7376573024405079,-0.2214945528257271,-23.917173,6.324336
Antigua and Barbuda,9106,146,1239,468.0,12.0,111.85714285714286,0.1304347826086956,0,-0.7333262393584766,0.029691554585257525,-4.8717165,-13.683956
Argentina,10044957,130472,4615834,139853.0,3351.0,114018.14285714286,0.0833333333333333,0,2.0121828215790223,-0.4011352598146122,13.561713,-0.3340869
Armenia,447308,8727,220438,4388.0,70.0,3399.0,0.0231449591627643,0,-0.6179026845245572,-0.1862141695197893,-6.006985,1.436144
Australia,11399460,19574,24203,175271.0,504.0,109214.71428571428,0.0394736842105263,0,1.035712411168413,0.008439959105219491,13.231852,5.000591
Austria,5961143,21970,644388,64038.0,145.0,46163.142857142855,0.046081360606757,0,0.17433519136883702,-0.08531834152941078,9.756212,4.100323
Azerbaijan,828825,10138,333694,7779.0,111.0,7050.142857142857,0.0666666666666666,0,-0.5473482783907131,-0.10512342924955695,-2.8344543,-0.7115722
Bahamas,37491,833,12702,1497.0,36.0,504.7142857142857,0.1951219512195122,0,-0.7214116582160689,0.1527137961387579,-3.0888963,-17.161467
Bahrain,710693,1553,267220,8173.0,29.0,7649.714285714285,0.0095465393794749,0,-0.5951212195304318,-0.20419141476565353,-3.6218822,5.585304
Bangladesh,2037871,29445,1141157,16230.0,264.0,14477.285714285714,0.1282051282051282,0,-0.23525555007408094,-0.01840744967807175,5.58513,-0.42439184
Barbados,106798,579,4251,1329.0,43.0,699.7142857142857,0.0875,0,-0.7201220873938996,-0.0554496750544814,-8.177022,-10.655447
Belarus,994037,7118,443417,11170.0,140.0,7901.571428571428,0.0185714285714285,0,-0.5230707820954107,-0.20181222948090385,-0.8570876,3.9261389
Belgium,4739365,33814,31130,133480.0,496.0,52137.57142857143,0.1642149622890451,0,0.3292117203566329,0.1688304656565365,11.288065,6.003597
Belize,70757,688,13543,1517.0,21.0,754.2857142857143,0.2,0,-0.7191594114732295,0.1639587024184287,-2.1204965,-17.244392
Benin,27999,163,8136,2566.0,9.0,643.4285714285714,0.0384615384615384,0,-0.7231309533836285,-0.14639238616200534,-14.689116,-2.262303
Bhutan,62627,21,2418,2291.0,2.0,1716.7142857142858,0.0012970168612191,0,-0.7178546586395705,-0.216799223513218,-19.939917,7.0683994
Bolivia,1194277,22365,411830,23611.0,1656.0,11969.714285714286,0.0818181818181818,0,-0.35686850480106197,-0.2273100336397983,2.343696,1.6463984
Bosnia and Herzegovina,401729,16280,189710,5254.0,207.0,2424.5714285714284,0.062144597887896,0,-0.5919561840930797,-0.12444882876944444,-2.8383162,-2.601844
Botswana,329758,2876,96964,41576.0,141.0,5939.428571428572,0.25,0,-0.5394074364581667,0.2732701280098779,-0.6581938,-19.74458
Brazil,37081209,699276,17771228,287149.0,4148.0,189227.0,0.0699215549844568,0,8.226618937019488,-0.7684578816687587,17.386963,-0.7067581
Brunei,279661,225,280,7380.0,17.0,4213.142857142857,0.0212765957446808,0,-0.6774614174015448,-0.17443852275913188,-10.985862,3.915617
Bulgaria,1297523,38228,398721,12399.0,334.0,8941.285714285714,0.1428571428571428,0,-0.3693686480356661,0.021155245183645727,0.67006695,-3.3436637
Burkina Faso,22056,396,13385,1005.0,31.0,286.2857142857143,0.0697674418604651,0,-0.7275263779855309,-0.08954502404700125,-9.495297,-8.920772
Burma,633950,19490,225849,7083.0,397.0,5831.285714285715,0.1363636363636363,0,-0.5328433685506405,0.0013975204849368133,-0.7965912,-4.5398607
Burundi,53631,38,773,4710.0,29.0,1162.0,0.2,0,-0.7126508168251845,0.1657058731585776,-2.6109753,-17.9744
Cabo Verde,63244,413,33173,1469.0,5.0,1062.7142857142858,0.3333333333333333,0,-0.7160395433090854,0.4227390596369166,1.7301259,-18.200642
Cambodia,138719,3056,72803,1130.0,39.0,981.0,0.0250153493851948,0,-0.6990533710230683,-0.17824270742026832,-13.587203,1.3643476
Cameroon,124392,1965,35261,9668.0,130.0,2387.8571428571427,0.0485714285714285,0,-0.674161150093257,-0.13494913135233713,-10.024935,-1.543953
Canada,4617095,51720,1405971,63678.0,300.0,41474.42857142857,0.0852298588984979,0,0.3062910091296243,-0.06267890064189183,9.868733,1.6467102
Central African Republic,15368,113,6859,4044.0,7.0,585.7142857142857,0.0139549148903542,0,-0.7204305919341766,-0.192669117507937,-17.773396,3.8318288
Chad,7679,194,4796,596.0,10.0,85.14285714285714,0.1152882205513784,0,-0.732683709832439,0.00055367132304541,-7.0425863,-13.340079
Chile,5192286,64273,1575377,41651.0,11447.0,35656.28571428572,0.0279417219115385,0,0.588834367723784,-1.361864813059896,5.3338366,-4.448409
China,4903524,101056,99228,78859.0,59961.0,66551.28571428571,0.0543701486303038,0,2.032470694146225,-6.304778583566542,6.218218,-4.835866
Colombia,6359093,142339,4615354,35575.0,720.0,31255.571428571428,0.047523258737742,0,1.046421214168314,-0.314311240327562,12.361886,-0.5675382
Comoros,9008,161,3873,275.0,12.0,177.14285714285714,0.125,0,-0.7331501615650988,0.01900130690455953,-6.3765717,-14.338944
Congo (Brazzaville),25375,388,12421,1188.0,24.0,332.7142857142857,0.1111111111111111,0,-0.726625140347434,-0.008713053168781902,-6.5341096,-12.454925
Congo (Kinshasa),95749,1464,30043,4481.0,196.0,1070.7142857142858,0.1168831168831168,0,-0.6985488177445129,-0.013571321894183417,-5.2585597,-12.105003
Costa Rica,1209725,9245,334759,55406.0,145.0,17634.428571428572,0.017094017094017,0,-0.3353015746092845,-0.16841318028705127,4.8469024,8.307723
Cote d'Ivoire,88263,834,49642,2858.0,14.0,1245.7142857142858,0.0147058823529411,0,-0.7079199926021655,-0.1936473147059012,-15.78185,3.4204998
Croatia,1269326,17987,354830,11812.0,92.0,8909.57142857143,0.0475767007558915,0,-0.469147051521599,-0.13585206438559394,0.13458881,0.8782818
Cuba,1112643,8530,373354,9907.0,98.0,9416.714285714286,0.1428571428571428,0,-0.515501153274113,0.04575151509625085,-0.36336812,-5.8648496
Cyprus,650685,1330,39061,15386.0,28.0,4908.285714285715,0.0308641975308641,0,-0.622816153590281,-0.15166587874525245,-8.55451,4.298606
Czechia,4618256,42491,1641321,67107.0,404.0,45320.142857142855,0.0354022466810393,0,0.3318098283469551,-0.17416703586158536,10.196298,2.0658128
Denmark,3451036,8345,307374,55709.0,90.0,47065.71428571428,0.0502046112386465,0,-0.06634541087087742,-0.07410760513740872,9.057025,5.2894034
Diamond Princess,712,13,699,99.0,2.0,65.57142857142857,0.0182584269662921,0,-0.7366886063829811,-0.18635010762825543,-18.940876,0.72805125
Djibouti,15690,189,11491,415.0,9.0,195.28571428571428,0.0139854965221252,0,-0.7320726562005161,-0.19542121793517686,-19.652473,1.7627541
Dominica,15760,74,209,895.0,6.0,152.57142857142858,0.0069010844561288,0,-0.7329740530739217,-0.20810922973859747,-21.076588,4.258718
Dominican Republic,660790,4384,324861,7439.0,39.0,6378.0,0.0588235294117647,0,-0.5872096928720991,-0.11345027947243538,-3.9769106,-0.5770344
Ecuador,1057121,36014,443880,17670.0,8786.0,9197.285714285714,0.0960651091814119,0,-0.15771912431063118,-0.9539914914030152,5.16965,-4.408746
Egypt,515759,24812,232179,5516.0,132.0,2376.5714285714284,0.0769975786924939,0,-0.5468169106463779,-0.08910660823323344,-1.9482715,-2.9140053
El Salvador,201785,4230,76670,12677.0,31.0,1811.0,0.058252427184466,0,-0.6528286882760492,-0.10553420891024548,-9.472472,-2.1156693
Equatorial Guinea,17229,183,8709,1750.0,32.0,250.0,0.0192307692307692,0,-0.7276364357558769,-0.18673191340086587,-17.517445,1.5301291
Eritrea,10189,103,6475,282.0,3.0,88.71428571428571,0.0106581125827814,0,-0.7344946709774706,-0.20119475462740105,-20.50117,3.0077486
Estonia,615433,2946,129183,8438.0,24.0,6909.428571428572,0.0367021276595744,0,-0.6148440694347256,-0.1467963175994503,-7.5477214,3.344676
Eswatini,74267,1425,22127,1642.0,24.0,1100.571428571429,0.0625,0,-0.7133573747891915,-0.10221394899190861,-9.783129,-7.620463
Ethiopia,500116,7572,264008,5185.0,49.0,4229.285714285715,0.0465116279069767,0,-0.6079737464925455,-0.1392828654508958,-5.259972,-0.11189915
Fiji,68898,883,10848,1854.0,29.0,1201.571428571429,0.0714285714285714,0,-0.7159358686542981,-0.08489409268067388,-8.873027,-8.631675
Finland,1463644,8967,46000,50889.0,330.0,10795.0,0.0521381202835582,0,-0.40801338308959567,-0.11452773944942773,4.17592,7.9222765
France,39866718,166176,415111,503349.0,1438.0,367017.28571428574,0.2383495563786717,0,5.5070159326885655,0.7201607268010359,18.04578,2.7443
Gabon,48981,306,25228,1871.0,6.0,537.0,0.3333333333333333,0,-0.7200126598211587,0.42286693730889735,1.1087093,-18.087868
Gambia,12598,372,7310,587.0,20.0,137.57142857142858,0.5,0,-0.728237310489317,0.7430658466166532,3.5076175,-17.472387
Georgia,1827537,16971,390827,26524.0,86.0,21690.0,0.0178837555886736,0,-0.327070266854161,-0.17638864055071135,5.037934,4.521742
Germany,38249060,168935,3659260,484345.0,1244.0,229484.14285714287,0.0472192620401274,0,5.005213380485053,0.16938005543309723,17.254639,2.4196384
Ghana,171229,1462,98633,2521.0,28.0,1348.857142857143,0.074074074074074,0,-0.6947039833948372,-0.08197457778624101,-7.70195,-7.717522
Greece,5548487,34779,93764,367629.0,378.0,52518.42857142857,0.0613433858807402,0,1.0484861850379628,0.12859911177953334,14.899344,6.0681977
Grenada,19680,238,161,902.0,23.0,288.42857142857144,0.0341122292341804,0,-0.7307019088995186,-0.1572122225642192,-15.547475,-1.632644
Guatemala,1238247,20182,331374,9946.0,102.0,5462.714285714285,0.5,0,-0.4861873515488285,0.7354561607515948,3.6516845,-18.2434
Guinea,38267,467,24463,534.0,14.0,298.2857142857143,0.012608482069756,0,-0.727134693892074,-0.1988708065094863,-19.653715,2.478104
Guinea-Bissau,8960,176,4027,305.0,6.0,67.0,0.0232558139534883,0,-0.7344581752055136,-0.1770734923972408,-17.414682,-0.45412877
Guyana,73075,1298,22327,1186.0,15.0,1024.7142857142858,1.0,0,-0.7094826650906798,1.710516633589341,5.7950497,-15.917127
Haiti,34202,860,12961,284.0,12.0,191.42857142857144,0.1188118811881188,0,-0.7278042467702632,0.006803295176017557,-6.2037745,-13.421218
Holy See,29,0,27,7.0,0.0,2.142857142857143,0.0,0,-0.7376611818190976,-0.22149766477673202,-23.200089,5.878928
Honduras,472250,11111,102384,12890.0,124.0,2368.8571428571427,0.1006564551422319,0,-0.6014445001734409,-0.03296063510379546,-4.1838183,-5.8862543
Hungary,2196804,48762,749773,45047.0,489.0,16002.857142857143,0.1411338962605549,0,-0.09994082156515252,0.015786918874432617,7.2245393,0.07658805
Iceland,209137,263,6993,7408.0,52.0,3041.0,0.0292397660818713,0,-0.6855509204708999,-0.1637918193507716,-10.917425,3.3815908
India,44690738,530779,30974748,414188.0,7374.0,391232.0,0.0359587180879956,0,11.165659935220662,-1.4397676564835837,17.583427,-0.954972
Indonesia,6738225,160941,2907920,64718.0,2069.0,55675.28571428572,0.0949720670391061,0,1.1824723742623937,-0.2713380919131555,12.406454,-1.3479309
Iran,7572311,144933,3444798,50228.0,709.0,39795.28571428572,1.0,0,1.0642380199880606,1.5885497396820416,11.5872,-5.557848
Iraq,2465545,25375,1494760,13515.0,122.0,11985.57142857143,0.1126760563380281,0,-0.21235561513889278,-0.04732288722993117,5.428135,-0.49558154
Ireland,1704502,8708,23364,43199.0,220.0,23752.0,0.0682645396112444,0,-0.350884053786571,-0.06861642312339786,4.8086066,6.860064
Israel,4803824,12329,854888,243295.0,129.0,101905.14285714286,0.0170512132594049,0,0.9358256631802424,-0.014516416954885513,13.919704,5.707951
Italy,25603510,188322,4144608,229122.0,993.0,181821.7142857143,0.1452523344874619,0,3.5290568437710874,0.13326265338711948,16.122972,1.4453356
Jamaica,154416,3514,47101,1968.0,48.0,1425.7142857142858,0.0681818181818181,0,-0.6941906659800255,-0.09403504870474824,-8.628,-7.521041
Japan,33320438,72997,852451,260999.0,503.0,226955.0,0.0543342776203966,0,3.3398971792146077,0.20598170370039917,16.429008,2.5557654
Jordan,1746997,14122,752624,25502.0,111.0,19820.0,0.0195652173913043,0,-0.30990295448200494,-0.19066096394296025,4.572331,3.5321429
Kazakhstan,1498668,19071,555079,66121.0,2291.0,14234.42857142857,0.020499810972098,0,-0.18778756224492985,-0.38878197403853215,2.993014,2.0959926
Kenya,342937,5688,191188,3749.0,41.0,2774.714285714286,0.0602409638554216,0,-0.6451763102264987,-0.11143132998867447,-6.1117053,-1.470427
Kiribati,5014,18,0,1491.0,5.0,213.0,0.0043333333333333,0,-0.731744812332569,-0.21260551117946394,-21.301708,5.2831388
"Korea, North",1,6,0,1.0,6.0,0.1428571428571428,6.0,0,-0.6965729376473355,11.37539770368163,6.730081,-14.624987
"Korea, South",30615522,34093,180719,621317.0,470.0,404997.5714285714,0.0239643652561247,0,5.009524643592916,0.4726147999423663,17.969015,3.343734
Kosovo,273312,3211,105688,4397.0,69.0,3352.285714285714,0.0409278762831622,0,-0.6639811795102459,-0.14811867118285754,-8.856971,0.46234193
Kuwait,663860,2570,388880,6913.0,20.0,6274.142857142857,0.0082893745290128,0,-0.5894114949109476,-0.2117629894707475,-3.1222854,5.0279546
Kyrgyzstan,206708,2991,150852,11505.0,727.0,2678.428571428572,0.0392684079895993,0,-0.6295263305046822,-0.21809524096288177,-3.759446,1.7235379
Laos,218023,758,3804,3915.0,17.0,2555.5714285714284,0.0043984138220154,0,-0.697272095177207,-0.21039830940994675,-17.40896,6.686713
Latvia,976255,6269,135690,11992.0,79.0,9859.285714285714,0.0271739130434782,0,-0.5544246388224253,-0.16621951506097948,-0.95417315,5.9166155
Lebanon,1232828,10841,537653,10760.0,351.0,8257.57142857143,0.0491803278688524,0,-0.4777533170424712,-0.1673939117534216,-0.0048630205,2.3687122
Lesotho,34790,723,6664,6925.0,230.0,1005.4285714285714,0.0317124735729386,0,-0.7006613196176759,-0.17965906114477548,-11.789498,-0.5407681
Liberia,8090,295,2715,447.0,72.0,160.57142857142858,0.2307692307692307,0,-0.7301696953735317,0.21729090220868044,-0.9592374,-17.11593
Libya,507187,6437,195639,5694.0,53.0,3761.857142857143,0.0909090909090909,0,-0.6218481859205244,-0.05123749344291737,-5.09036,-6.058397
Liechtenstein,21432,89,3011,349.0,4.0,190.8571428571429,0.0212,0,-0.7335772990207589,-0.1806595530859598,-18.224335,-0.056781404
Lithuania,1307448,9596,269840,15412.0,62.0,12701.142857142857,0.035287421741605,0,-0.4818980572077104,-0.1488959674487288,0.7906382,5.0518517
Luxembourg,317367,1220,72306,5497.0,29.0,2315.714285714286,0.0275551102204408,0,-0.6782507458619347,-0.16811875025820255,-10.845086,2.3701692
MS Zaandam,9,2,7,7.0,2.0,1.2857142857142858,0.2222222222222222,0,-0.7360948756534775,0.20783103612448806,-1.5837151,-17.999857
Madagascar,67889,1423,41177,2295.0,54.0,633.8571428571429,0.0223356881397029,0,-0.7115841033670809,-0.18352709847705745,-15.148641,1.2750463
Malawi,88707,2896,39841,1316.0,211.0,994.2857142857144,0.1666666666666666,0,-0.7004570382624657,0.07865305329373995,-3.6000526,-15.90012
Malaysia,5044718,36967,962731,33406.0,592.0,30729.85714285714,0.0173535791757049,0,0.06804299176827154,-0.22988938601786393,8.888672,2.3410888
Maldives,185738,311,75095,2838.0,10.0,2673.1428571428573,0.0051741979993101,0,-0.6942248464332301,-0.2114867963978565,-15.594385,5.7853785
Mali,33062,743,13962,1217.0,11.0,620.1428571428571,0.1186440677966101,0,-0.7231260311384156,0.007327415979924369,-5.59559,-12.993166
Malta,117610,828,32438,1677.0,7.0,1142.857142857143,0.0173024303878963,0,-0.7128337000459806,-0.18792668101154236,-16.026798,2.465751
Marshall Islands,15649,17,4,3130.0,4.0,1318.7142857142858,0.008,0,-0.7202254636417591,-0.2038303500085244,-18.930107,5.503601
Mauritania,63668,997,22859,1211.0,13.0,1029.2857142857142,0.2,0,-0.7165348175106887,0.16435856369916205,-2.3792186,-16.613125
Mauritius,296042,1044,1854,30006.0,59.0,5102.428571428572,0.0476190476190476,0,-0.6020343166131046,-0.1135067623392396,-8.396734,5.397385
Mexico,7483444,333188,2270427,109895.0,4272.0,49322.0,0.1239696995328991,0,2.002992703161222,-0.4008823254170465,13.461,-2.114984
Micronesia,23948,61,1,3652.0,13.0,1431.2857142857142,0.0035490035490035,0,-0.7173115397230644,-0.21296682723127905,-19.196316,6.5047407
Moldova,611140,12003,252421,10147.0,585.0,4463.714285714285,0.0365503080082135,0,-0.5568124243595691,-0.21077963491571186,-1.8875772,0.875322
Monaco,16121,67,2759,520.0,3.0,168.57142857142858,0.0425531914893617,0,-0.733474776704255,-0.139197734327595,-14.991392,-3.1267033
Mongolia,1007900,2136,164829,24556.0,19.0,8431.857142857143,0.0045489847997337,0,-0.5402896604619093,-0.19734316504947658,-0.48517373,7.2800994
Montenegro,288808,2808,99152,2960.0,18.0,2472.285714285714,0.037037037037037,0,-0.6761792226605803,-0.15128611759658137,-9.396741,1.0793598
Morocco,1272490,16296,582692,12039.0,127.0,9774.285714285714,0.3333333333333333,0,-0.43871333279992686,0.405168536361409,2.2828615,-19.534647
Mozambique,233214,2242,100912,4947.0,58.0,3028.0,0.0128095137532337,0,-0.6713056990483973,-0.20109026302715005,-13.223249,4.281985
Namibia,171156,4090,96568,4210.0,150.0,1797.7142857142858,0.0276633632703623,0,-0.6739038033161207,-0.18322373855769952,-10.500984,0.82851464
Nauru,5247,1,0,1241.0,1.0,385.2857142857143,0.0002800336040324,0,-0.7316617226143061,-0.22009277554808376,-21.84029,7.098179
Nepal,1001154,12020,661651,10052.0,619.0,8962.714285714286,0.0143282028737153,0,-0.4598494987943353,-0.268460949954942,0.7767476,2.459819
Netherlands,8712835,23705,28771,380498.0,234.0,125471.57142857143,0.1287249688878832,0,1.5976327520757831,0.33245609429798795,15.263445,5.4066076
New Zealand,2236114,2550,2824,42699.0,124.0,22036.714285714286,0.0152925531914893,0,-0.367468123615172,-0.15888173829157665,5.628176,6.9477305
Nicaragua,15655,245,4225,516.0,18.0,95.85714285714286,0.5,0,-0.7295015281237209,0.7433410302347174,3.120828,-17.191113
Niger,9508,315,5351,301.0,7.0,102.28571428571428,0.1428571428571428,0,-0.7326533346723589,0.05396524276358848,-4.901922,-14.895779
Nigeria,266598,3155,165208,6158.0,93.0,2011.142857142857,0.0355946398659966,0,-0.6590564643937129,-0.1626756589324392,-8.152466,0.90509254
North Macedonia,346852,9662,150440,2332.0,51.0,1761.428571428571,0.060536044362292,0,-0.6431991717336666,-0.11190819183219473,-5.8991065,-2.3167796
Norway,1479506,5213,17998,26109.0,343.0,20411.0,0.0283396183293337,0,-0.44217451305792754,-0.17146462905638285,4.2134414,6.2582455
Oman,399449,4628,281724,6146.0,368.0,2246.714285714286,0.0135139133150342,0,-0.6237136970200287,-0.23779267761029507,-5.366852,2.8869934
Pakistan,1577411,30644,952616,12073.0,313.0,7198.0,0.0237380295406589,0,-0.32940885155035066,-0.22660926143497642,3.5843904,-0.048904218
Palau,5991,9,0,371.0,3.0,169.28571428571428,0.0016839741790625,0,-0.7352563956325986,-0.2182267879591061,-22.870136,4.8725715
Panama,1031731,8609,420113,19722.0,61.0,10697.857142857143,0.125,0,-0.4787912699772017,0.019754995962813476,-0.17661545,-5.8670144
Papua New Guinea,46825,670,17384,1543.0,48.0,512.2857142857143,0.0526315789473684,0,-0.7215446948364541,-0.12405937292754032,-11.038905,-7.0038967
Paraguay,808401,19878,423964,59361.0,163.0,8675.857142857143,0.081081081081081,0,-0.3380875711977011,-0.053706648439344855,3.7661846,8.8880625
Peru,4487553,219539,2086086,67101.0,1234.0,50361.71428571428,1.0,0,1.175455725116899,1.5828325409836874,11.6272955,-5.545405
Philippines,4077452,66188,1528422,38867.0,478.0,34897.857142857145,0.5,0,0.2547412659328173,0.6946943328015298,10.622364,-3.5188518
Poland,6444960,119010,2653981,57659.0,956.0,49077.857142857145,0.0505011063386697,0,0.8755058649104825,-0.23871433696416722,11.58326,-1.0475949
Portugal,5570473,26266,912620,77281.0,303.0,62083.42857142857,0.0436540507675938,0,0.34021973936185235,-0.10235800135171987,10.5063305,3.7206156
Qatar,495090,688,224285,4206.0,10.0,4101.571428571428,0.0031612223393045,0,-0.6467278356665307,-0.2179926844165248,-4.691801,5.745231
Romania,3346046,67736,1048072,40018.0,591.0,30033.42857142857,0.0661392589145483,0,0.14027460078905163,-0.14301768588968536,8.952785,0.92418706
Russia,22075858,388478,5609682,202211.0,1222.0,188712.42857142855,0.0296681155354548,0,4.345706581546615,-0.20257989110136249,16.02984,0.43837893
Rwanda,133194,1468,44911,3072.0,22.0,1396.571428571429,0.0141926477431363,0,-0.7020402032292209,-0.1949356331493196,-15.2629595,3.5464191
Saint Kitts and Nevis,6597,47,549,238.0,5.0,144.71428571428572,0.0101302460202604,0,-0.7354126376273411,-0.2022230849567065,-21.162907,2.9166138
Saint Lucia,30004,409,5398,722.0,18.0,365.0,0.0223874933596418,0,-0.7291084698568484,-0.17957960689131808,-16.947598,0.3839729
Saint Vincent and the Grenadines,9589,123,2233,2723.0,9.0,404.57142857142856,0.0139448924731182,0,-0.7260190383040599,-0.19365826104703368,-18.443079,3.1614823
Samoa,16607,29,3,1166.0,4.0,386.0,0.002199413489736,0,-0.7311189602243561,-0.21669667689886699,-21.443712,6.2225366
San Marino,23616,122,5009,491.0,6.0,191.7142857142857,1.0,0,-0.7259402106637746,1.7110980300521372,5.5427227,-15.977626
Sao Tome and Principe,6281,77,2365,319.0,4.0,179.0,0.1304347826086956,0,-0.7338487197602416,0.030418918122138754,-5.554455,-14.264528
Saudi Arabia,830127,9618,507374,5928.0,77.0,5611.857142857143,0.0173409615358357,0,-0.5421168841613199,-0.20501890722264454,-1.4803336,3.4834514
Senegal,88926,1988,48812,1722.0,31.0,979.0,0.0275821596244131,0,-0.7074492581474345,-0.17137683892514932,-14.253644,0.68350834
Serbia,2500142,17881,15564,36737.0,121.0,19288.0,0.0270935960591133,0,-0.3220100486874155,-0.14064484215651724,5.8816223,5.940861
Seychelles,50665,172,17874,2068.0,11.0,606.0,0.0054745324749266,0,-0.7225775377465219,-0.2109485319973412,-20.273726,5.3893986
Sierra Leone,7760,126,4287,192.0,7.0,88.85714285714286,0.0692640692640692,0,-0.7345507275369012,-0.08832026588900187,-10.103066,-9.45645
Singapore,2235294,1722,63357,39252.0,22.0,18325.14285714286,0.0050462573591253,0,-0.3969663013489462,-0.174066840225997,5.888144,7.2667184
Slovakia,2667551,21035,255300,33633.0,204.0,22599.42857142857,0.0187541862022772,0,-0.25831087219040333,-0.173934783482595,5.974573,5.1068096
Slovenia,1331707,7078,253972,23332.0,66.0,15181.57142857143,0.0739986422267481,0,-0.45603065775455814,-0.06764384447751506,2.049551,5.356709
Solomon Islands,24575,153,20,3063.0,12.0,462.8571428571428,0.0152934692752824,0,-0.724061823470048,-0.19098559288706718,-17.821735,2.8751535
Somalia,27324,1361,7661,1066.0,86.0,181.7142857142857,0.0833333333333333,0,-0.7229396105244823,-0.06890108757959557,-7.9078627,-9.801443
South Africa,4067067,102595,2258603,37875.0,844.0,23437.14285714286,0.0343968102024898,0,0.4361051549724709,-0.27752166187806243,10.82783,-0.64554703
South Sudan,18368,138,10514,503.0,7.0,219.14285714285717,0.0203527815468114,0,-0.7318980402166123,-0.18278991704041556,-17.924181,0.7212389
Spain,13770429,119479,150376,372766.0,1623.0,144008.85714285713,0.1219483229560762,0,2.3745457807060273,0.19123513254000962,15.627875,4.686629
Sri Lanka,672039,16830,284524,11366.0,334.0,5960.857142857143,0.037037037037037,0,-0.5238962843198368,-0.18315835233377384,-1.1707175,0.48127085
Sudan,63829,5017,30647,1284.0,953.0,577.5714285714286,1.0,0,-0.6722945587612336,1.6116198303519058,5.442895,-15.580514
Summer Olympics 2020,865,0,0,112.0,0.0,32.857142857142854,0.0,0,-0.7371483295464747,-0.22141361726852501,-23.8025,5.172059
Suriname,82467,1404,21978,1404.0,25.0,992.1428571428572,0.1,0,-0.7140877419501052,-0.02999239085569997,-7.080854,-11.527717
Sweden,2699339,23777,0,138985.0,503.0,40921.57142857143,0.1218389040254806,0,0.13648628744853075,0.07722084735158784,11.033844,6.334208
Switzerland,4413911,14244,317600,89462.0,131.0,36277.0,0.0583571614244866,0,0.041938038765517,-0.04339881500862724,9.829665,5.2895355
Syria,57467,3164,22019,905.0,27.0,366.1428571428572,0.2,0,-0.7122323183768174,0.16231680460541548,-1.7365396,-16.259186
Taiwan*,9970937,17672,12957,128954.0,276.0,83631.57142857143,0.0522928901661876,0,0.6730735255454231,0.010800155774661225,12.629291,4.9291368
Tajikistan,17786,125,14867,407.0,9.0,229.57142857142856,0.0352811466372657,0,-0.7314912661187886,-0.15435877137421644,-15.804284,-2.3306646
Tanzania,42906,846,183,24307.0,669.0,3497.0,0.09375,0,-0.6252602180822104,-0.09353102973045016,-7.081524,-4.174803
Thailand,4728182,33918,26873,47149.0,312.0,27310.85714285714,0.0238095238095238,0,-0.06584156067268557,-0.14839583358241853,7.691276,4.787982
Timor-Leste,23419,138,10025,532.0,5.0,322.85714285714283,0.0061662875916098,0,-0.7311869898654427,-0.20989574619196472,-21.90707,4.10563
Togo,39396,290,14654,1002.0,5.0,536.0,0.0775862068965517,0,-0.7261450401352846,-0.07156128967001707,-8.998279,-9.788235
Tonga,16810,13,0,832.0,4.0,377.0,0.0028169014084507,0,-0.7321787377640562,-0.2157126806714511,-22.117325,5.431749
Trinidad and Tobago,189918,4355,32454,1259.0,47.0,794.8571428571429,0.0761904761904762,0,-0.6964371234962142,-0.07853647732041807,-7.712318,-8.639022
Tunisia,1151126,29341,530545,27340.0,381.0,9430.714285714286,0.046831955922865,0,-0.35067981312061075,-0.1649866503754229,2.3222027,0.27317157
Turkey,17042722,101492,5478185,823225.0,394.0,145043.7142857143,0.0277805715599362,0,4.3966048009468945,0.23813355063495675,17.924973,4.987083
Tuvalu,2828,0,0,793.0,0.0,221.8571428571429,0.0,0,-0.7340252109335337,-0.22089419672055766,-22.493122,6.407205
US,103802702,1123836,6298082,1354505.0,4405.0,806962.8571428572,0.109090909090909,1,18.351420670533393,0.9153715707605639,18.943811,1.1739962
Uganda,170544,3630,86826,21324.0,855.0,3182.714285714286,0.0300760366535663,0,-0.602640480098319,-0.24080233491352632,-3.789938,1.7610345
Ukraine,5711929,119283,2258433,79325.0,865.0,37408.57142857143,0.3333333333333333,0,0.7859909193298327,0.33669446863348335,11.282607,-2.2812948
United Arab Emirates,1053213,2349,664130,4471.0,20.0,3755.0,0.0142857142857142,0,-0.5579619829088626,-0.21124103446370515,-2.2553864,3.9138675
United Kingdom,24658705,220721,24693,848169.0,1492.0,197997.57142857145,1.0,0,4.977043519856718,2.268743443301819,18.57085,4.4068527
Uruguay,1034303,7617,374203,13612.0,88.0,11399.857142857143,0.0316091954022988,0,-0.5020510444394843,-0.16532793298690004,0.087394096,4.496621
Uzbekistan,251247,1637,126377,1478.0,9.0,1304.142857142857,0.0192307692307692,0,-0.6906789039487079,-0.18733784318245167,-13.291728,2.7230637
Vanuatu,12014,14,3,616.0,5.0,290.42857142857144,0.25,0,-0.7318066391987403,0.2617730460014467,-0.56101114,-17.878817
Venezuela,552162,5854,294607,4418.0,35.0,2344.0,0.0538922155688622,0,-0.6220060491814158,-0.12575146806678578,-5.0925236,-0.8564475
Vietnam,11526994,43186,54332,454212.0,804.0,274025.28571428574,0.0334608030592734,0,2.8915671961171068,0.21477820688414423,16.484896,4.3657656
West Bank and Gaza,703228,5708,312320,30356.0,268.0,8015.142857142857,0.0119047619047619,0,-0.5009462010989871,-0.21257992033182227,0.13968207,7.242573
Winter Olympics 2022,535,0,0,72.0,0.0,35.42857142857143,0.0,0,-0.7372639658523347,-0.2214385504527226,-23.15991,7.068613
Yemen,11945,2159,4251,287.0,60.0,109.42857142857144,0.3333333333333333,0,-0.7223735443842256,0.41656817105924604,1.3407545,-17.444279
Zambia,343135,4057,189658,5555.0,72.0,3870.857142857143,0.05,0,-0.6400197830820626,-0.1327231232311442,-6.686876,-0.27145293
Zimbabwe,264276,5671,82994,9185.0,107.0,4821.428571428572,0.3333333333333333,0,-0.6320137258256295,0.41745797578559163,1.3736879,-19.012758
